Domanda,A,B,C,Corretta
1 - La libertà personale è inviolabile e…,"È garantita dalla riserva di giurisdizione: può essere limitata con atto dell’autorità giudiziaria, anche privo di motivazione","In casi di necessità e urgenza l’Autorità di P.S. può adottare provvedimenti provvisori, limitativi della libertà, che devono essere comunicati all’Autorità Giudiziaria per la convalida",È garantita dalla riserva di legge ma non dalla riserva di giurisdizione: può essere limitata nei soli casi e modi previsti dalla legge,B
"2 - Ai sensi dell’art. 13 Cost., la perquisizione locale d’iniziativa della P.G. per la ricerca di armi ed esplosivi (art. 41 TULPS):",Può essere effettuata solo su ordine del PM,Non è mai consentita,Necessita di convalida dell’A.G. entro 48 ore,A
3 - L’intercettazione telefonica:,Può essere disposta liberamente dalla Polizia Giudiziaria,Non è disciplinata dal codice di procedura penale,"Deve essere adottata dall’A.G. con provvedimento motivato, in quanto incide sulla libertà di comunicazione",A
4 - La libertà di circolazione e di soggiorno può essere limitata:,Solo dall’A.G. con atto motivato,Dall’A.G. o dall’autorità amministrativa,Solo in caso di arresto,A
5 - Sono restrizioni della libertà personale previste dalla legge:,Le perquisizioni e le ispezioni,"Le misure cautelari, cioè l’arresto e il fermo",Misure precautelari e cautelari,B
6 - Il preavviso alla pubblica autorità è richiesto per le riunioni:,In luogo privato,In luogo aperto al pubblico,In luogo pubblico,A
7 - Il diritto di manifestare liberamente il proprio pensiero:,Non può essere esercitato se in contrasto con le opinioni religiose,È garantito solo ai cittadini italiani,Deve avvenire nel rispetto dell’onorabilità della persona,A
8 - Le restrizioni alla libertà personale richiedono:,Solo una riserva di legge,Solo una riserva di giurisdizione,"Una doppia riserva, di legge e di giurisdizione",B
"9 - Il Questore, in merito alle riunioni pubbliche:",Non ha alcuna competenza,Può vietare una riunione in via preventiva per comprovati motivi di sicurezza o incolumità pubblica,Può autorizzare lo scioglimento di partiti politici,B
10 - Durante le riunioni pubbliche il porto d’armi:,È ammesso solo per gli agenti in borghese,È ammesso solo se si possiede regolare licenza,"È assoluto, riguarda anche chi è munito di licenza per il porto",B
11 - I principi fondamentali della Costituzione:,Possono essere modificati con legge ordinaria,Possono essere modificati con legge costituzionale,Non possono essere modificati con la procedura di revisione costituzionale prevista dall’art. 138 della Costituzione,A
12 - I diritti inviolabili dell’uomo:,Sono riconosciuti solo ai cittadini italiani,Sono disponibili se lo prevede la legge,"Sono indisponibili, intrasmissibili ed irrinunciabili",A
13 - Il principio di uguaglianza:,È rivolto solo ai cittadini italiani,È rivolto a tutti i cittadini,Si applica solo in ambito penale,B
14 - L’eguaglianza formale:,Si applica solo nei rapporti tra privati,Si concretizza nella parità di trattamento innanzi alla Legge,È prevista solo nel codice civile,A
15 - Il principio personalista:,Si realizza attraverso l’azione amministrativa dello Stato,Si realizza attraverso il riconoscimento del valore del rispetto della persona,È previsto solo per i cittadini italiani,A
16 - I diritti fondamentali:,Non sono riconosciuti in ambito internazionale,Sono riconosciuti a livello internazionale,Sono garantiti solo agli italiani,B
17 - Il principio di uguaglianza:,"Si rivolge al legislatore, giudice ed amministratore pubblico",Si rivolge solo ai cittadini,È inapplicabile all’amministrazione,A
18 - L’iniziativa legislativa popolare si esercita:,Con il diritto di petizione e referendum,Attraverso l’elettorato attivo,Non è prevista nella nostra Costituzione,B
19 - Il Consiglio d’Europa tutela i diritti dell’uomo:,Solo in ambito commerciale,Attraverso l’ONU,on la Convenzione europea per la salvaguardia dei diritti dell’uomo e delle libertà fondamentali stipulata nel 1950,C
20 - La sovranità:,ppartiene al Parlamento,Appartiene al Governo,Appartiene al popolo che la esercita nei limiti e forme previsti dalla Costituzione,
21 - L’amministrazione trasparente consente ai cittadini:,Di conoscere e controllare l’operato della pubblica amministrazione,Di fare ricorso contro ogni provvedimento,Di accedere solo ai bilanci,A
22 - L’accesso civico semplice può essere esercitato:,Solo dal diretto interessato,"Da chiunque, senza motivazione",Solo tramite avvocato,A
23 - Il diritto di accesso documentale è riconosciuto:,"chiunque abbia un interesse diretto, concreto e attuale",A qualsiasi cittadino,Solo ai dipendenti pubblici,B
24 - Il FOIA (Freedom of Information Act) è stato introdotto in Italia con:,La Costituzione,Il D.lgs. 97/2016,Il D.lgs. 33/2013,A
25 - L’accesso civico generalizzato si distingue da quello semplice perché:,"Consente l’accesso a dati ulteriori, non obbligatoriamente pubblicati",È riservato ai giornalisti,Richiede l’autorizzazione del prefetto,C
26 - L’accesso ai documenti amministrativi è regolato da:,Legge 241/1990,DPR 445/2000,Legge 104/1992,A
27 - Il rifiuto all’accesso deve essere sempre:,Motivato,Confermato dal giudice,Orale,A
28 - L’accesso agli atti può essere negato per:,"Esigenze di riservatezza, sicurezza e ordine pubblico",Motivi economici,Scarsa rilevanza,A
29 - Il responsabile della trasparenza è:,Una figura prevista dalla legge anticorruzione,Il segretario comunale,Il presidente dell’organo di controllo,B
30 - L’accesso documentale deve essere esercitato entro:,30 giorni dalla conoscenza dell’atto,10 giorni dall’emissione,60 giorni dal protocollo,C
31 - L’obbligo di motivazione dell’atto amministrativo è previsto da:,rt. 3 della Legge 241/1990,Art. 1 della Costituzione,odice civile,
32 - La motivazione dell’atto amministrativo deve indicare:,I presupposti di fatto e le ragioni giuridiche della decisione,Solo il nome del responsabile,La firma del dirigente,A
33 - La comunicazione di avvio del procedimento è prevista per garantire:,La partecipazione degli interessati,L’efficacia del provvedimento,La pubblicità legale,A
34 - Il responsabile del procedimento è:,Colui che cura l’istruttoria e adotta il provvedimento finale,Il dirigente dell’ufficio legale,Un soggetto esterno,B
35 - Il silenzio-assenso si verifica quando:,L’amministrazione non risponde entro i termini previsti,L’amministrazione esprime parere negativo,Si convoca una conferenza di servizi,C
36 - Il diritto di partecipazione al procedimento spetta:,i soggetti direttamente interessati dall’atto,Ai soli dipendenti pubblici,Ai responsabili anticorruzione,
37 - Il preavviso di rigetto serve a:,Consentire all’interessato di presentare osservazioni prima del provvedimento negativo,Comunicare la decisione all’autorità gerarchica,Attivare il giudizio ordinario,A
38 - La conferenza di servizi è uno strumento per:,Coordinare le diverse amministrazioni coinvolte,Attribuire incarichi interni,Valutare l’impatto ambientale,A
39 - Il provvedimento finale deve essere:,Notificato agli interessati,Solo pubblicato in albo,Registrato in segreteria,B
40 - La validità del provvedimento amministrativo dipende:,Dalla legittimità e dalla competenza dell’organo che lo emette,Dalla durata dell’istruttoria,Dal consenso dell’interessato,C
41 - I provvedimenti amministrativi sono atti dotati:,Di efficacia normativa,"Di efficacia esterna, tipici e nominati, destinati a modificare situazioni giuridiche in modo autoritativo","Di efficacia interna, atipici e destinati a modificare situazioni giuridiche in modo non autoritativo",
42 - Il provvedimento amministrativo:,Contiene norme generali e astratte,Costituisce una fonte del diritto,Dispone nei confronti di uno o più soggetti determinati o determinabili,A
43 - L’esecutività del provvedimento amministrativo:,È la capacità del provvedimento di produrre immediatamente effetti sul destinatario,È la possibilità giuridica e di fatto di eseguire un provvedimento,"È l’idoneità del provvedimento ad essere coattivamente eseguito dalla PA, senza dover ricorrere ad un giudice",A
44 - L’atto amministrativo annullabile:,È immediatamente efficace e può essere caducato solo a seguito di tempestiva impugnazione giudiziale,È insuscettibile di produrre effetti,Non può essere sanato o convalidato,B
45 - Il provvedimento amministrativo privo di elementi essenziali è:,Nullo,Irregolare,Annullabile,C
46 - L’eccesso di potere:,È un vizio di merito dell’atto amministrativo,È un vizio di legittimità dell’atto amministrativo,È un vizio di legittimità dell’atto amministrativo per violazione di legge,
47 - Il ricorso gerarchico è un ricorso:,In regime di autotutela,Giurisdizionale,Amministrativo,A
48 - Il ricorso straordinario al Presidente della Repubblica è:,Esperibile dopo la pronuncia del GA,Esperibile nei casi in cui si ritiene il provvedimento impugnato viziato per motivi di merito,Alternativo al ricorso davanti al GA,A
49 - Di norma ci si rivolge al GA nel caso di lesione:,Di un interesse legittimo,Di un diritto assoluto,Di un diritto soggettivo,B
50 - Nel nostro ordinamento giuridico è giudice amministrativo di primo grado il:,Consiglio di Stato,Giudice di Pace,TAR,C
51 - L’attività della PA:,"Può essere discrezionale o vincolata, a seconda dei casi",È sempre vincolata,È sempre discrezionale,B
"52 - La discrezionalità amministrativa, ossia la libera scelta dell’amministrazione:",Implica l’individuazione da parte del privato del criterio che la PA dovrà seguire nell’effettuare una,"Implica l’individuazione di un criterio dato dalla comparazione di più interessi secondari, pubblici e privati, in ordine ad un interesse pubblico da perseguire",Non richiede da parte della PA l’individuazione di un criterio da seguire nella scelta,
"53 - Quando la PA pone in essere valutazioni discrezionali, nell’operare il sacrificio degli interessi secondari occorre vengano rispettati i seguenti canoni di:","Efficienza, imparzialità e buona amministrazione","Rapidità, segretezza e buona amministrazione","Efficienza, tassatività e parzialità",A
54 - Il potere discrezionale della P.A. può intervenire sui seguenti aspetti:,"Chi, come, dove, quando","Chi, cosa, come, dove","Se, cosa, come, quando",A
55 - La violazione dei limiti all’esercizio del potere discrezionale rende l’atto:,Inopportuno,Illegittimo,Inqualificabile,B
56 - La discrezionalità tecnica indica la facoltà della scelta della P.A.:,Tra più soluzioni normative prospettabili in relazione all’adozione di un determinato provvedimento,Tra più soluzioni politiche prospettabili in relazione all’adozione di un determinato provvedimento,Tra più soluzioni tecniche prospettabili in relazione all’adozione di un determinato provvedimento,C
57 - Viene accertato un illecito: la PA adotta automaticamente un ordine di demolizione. L’attività svolta è:,Discrezionale,Libera,Vincolata,B
58 - Il procedimento amministrativo è una sequenza:,"Di atti, attività e comportamenti",Di prassi e comportamenti concludenti,Esclusivamente di atti e attività,B
59 - La fase istruttoria nel procedimento amministrativo:,Consiste nell’insieme di attività poste in essere dall’autorità procedente al fine di acquisire gli elementi necessari per la decisione,"È l’insieme delle operazioni successive all’atto finale, necessarie affinché questo divenga efficace",onsiste nell’adozione dell’atto finale,A
"60 - In mancanza di diverse disposizioni di legge o di regolamento, il termine per la conclusione del procedimento amministrativo è:",180 giorni,90 giorni,30 giorni,A
61 - Il fondamento giuridico del diritto di accesso va individuato nel principio di:,Differenziazione,Trasparenza,Decentramento,A
62 - Per “diritto di accesso” si intende il diritto degli interessati di:,Prendere visione ed estrarre copia dei documenti amministrativi,Esperire un rimedio amministrativo,Ricorrere in giudizio,B
63 - Al fine di esercitare il diritto di accesso agli atti occorre la titolarità di un interesse:,"Eventuale, indiretto, astratto",Futuro e incerto,"Attuale, diretto, concreto",B
64 - Ai sensi della legge 241/90 oggetto del diritto di accesso sono:,Solo gli atti finali del procedimento amministrativo,Anche atti non più o non ancora esistenti,Anche gli atti interni al procedimento amministrativo,B
65 - Sono esclusi dal diritto di accesso:,Tutti i tipi di provvedimenti amministrativi,Gli atti detenuti da una PA e concernenti attività di pubblico interesse,Di norma i documenti coperti da segreto di Stato,A
"66 - L’interessato, al fine di esaminare o estrarre copia dei documenti amministrativi:",Non deve formulare alcuna richiesta,Deve formulare una richiesta motivata,Deve formulare una richiesta generica,C
"67 - Nel caso di accesso a dati sensibili e giudiziari, il diritto di accesso è consentito:",Mai,Sempre,In base alla valutazione relativa all’indispensabilità dell’accesso ai fini della tutela della posizione del richiedente,B
68 - Per dati sensibilissimi si intendono i:,Dati di natura giudiziaria,Dati anagrafici,Dati idonei a rivelare lo stato di salute o la vita sessuale,B
"69 - Decorsi 30 giorni dalla richiesta di accesso, questa si deve intendere:",ncora in fase di valutazione,Accolta,Respinta,C
70 - LA PA può differire l’esercizio del diritto di accesso:,No,"Sì, motivando il differimento","Sì, senza fornire spiegazioni",C
71 - L’illecito penale è:,Un fatto naturale contrario all’ordinamento giuridico,Un fatto umano contrario all’ordinamento giuridico,Un fatto umano contrario all’ordinamento morale,B
72 - Il principio di legalità in diritto penale prevede che:,La norma deve prevedere solo il precetto,La norma deve prevedere sia la sanzione che il precetto,La norma deve stabilire solo il tipo di sanzione,A
73 - Per il principio di tassatività in diritto penale:,La norma può essere redatta anche non in maniera chiara purché comprensibile,La norma deve essere stabilita con legge statale,La norma deve essere redatta in maniera chiara e non deve dare adito a dubbi,
74 - Il principio di tipicità in diritto penale richiede che:,La fattispecie concreta coincida perfettamente con la fattispecie legalizzata,La norma non sia retroattiva,La norma contenga solo elementi normativi,C
75 - Per il principio di offensività in diritto penale:,"Se l'azione umana non realizza un evento di danno, non è punibile","L'azione umana può essere punita pur se rimane a livello intenzionale, senza realizzare un danno o un pericolo",L'azione umana deve realizzare una lesione del bene giuridico tutelato o quanto meno metterlo in pericolo,C
76 - L’ammenda è:,Una sanzione penale pecuniaria,Un risarcimento del danno civile,Un ammonimento,C
77 - Il reato si distingue in:,"Delitti, contravvenzioni ed illeciti amministrativi","Delitti, illeciti amministrativi e multe",Delitti e contravvenzioni,B
79 - L'illecito disciplinare è:,Un illecito amministrativo,Un illecito civile,Un illecito penale,A
80 - L'oblazione estingue:,Il CSM,L’ANAC,L’ENAV,A
105 - Il “whistleblowing” è:,Un sistema di comunicazione tra i Responsabili della Prevenzione della Corruzione,Un sistema informatico per la rilevazione dei reati di corruzione,Un istituto di prevenzione della corruzione mutuato dall’esperienza dei Paesi anglosassoni,A
116 - Che tipo di variazione di pena causano le circostanze ad effetto speciale?,superiore ad un terzo,di un terzo,di un quarto,A
117 - Qual è il regime di imputazione delle circostanze attenuanti?,oggettivo,soggettivo,misto,A
118 - Che tipo di vincolo lega i concorrenti nel concorso di persone?,occasionale,stabile,costante,A
119 - Con quante condotte si realizza il concorso formale di reati?,tre condotte,due condotte,con una sola condotta,A
"120 - Sul piano sanzionatorio, quale regola si applica al reato continuato?",cumulo materiale,cumulo giuridico,entrambi,A
"121 - Nelle ipotesi di aberratio ictus, il titolo di imputazione soggettiva del",preterintenzionale,colposo,doloso,A
"122 - Nell’uso legittimo delle armi, la proporzione è un requisito:",implicitamente deducibile dalla disposizione,Non richiesto dalla fattispecie,ritenuto necessario da parte della dottrina minoritaria,A
123 - È una scriminante propria:,Uso legittimo delle armi,Legittima difesa,Adempimento di un dovere,A
124 - L’errore su legge extrapenale:,Ha rilevanza laddove si traduca in un errore sul fatto tipico,Ha rilevanza in quanto la pena è diminuita di un terzo,Non ha alcuna rilevanza in quanto è un errore sul precetto,A
125 - Quale elemento fanno venire meno le cause di giustificazione?,Colpevolezza,Tipicità,Antigiuridicità,B
126 - La scriminante del consenso dell’avente diritto può applicarsi rispetto,Diritti indisponibili,Diritti disponibili,Diritti che coinvolgano interessi statali,C
"127 - L’agente provocatore, secondo la giurisprudenza, non risponde in",Manca il dolo di partecipazione nel reato,Il fatto non è tipico,Scriminato ai sensi dell’art. 51 c.p.,A
128 - Nella legittima difesa è richiesto che il pericolo sia:,Dimostrato,Probabile,Attuale,A
129 - In caso di esecuzione di un ordine del superiore manifestamente,Risponde del reato solo se è previsto dalla legge come delitto,Non risponde del reato commesso se ha notiziato i suoi superiori per iscritto,Risponde del reato commesso,A
130 - Si può fare ricorso allo stato di necessità in caso di:,Pericolo attuale di grave danno alla persona,Pericolo attuale di un offesa ingiusta,"Pericolo attuale di un offesa a beni personali o patrimoniali, se di elevato valore",C
131 - L’uso legittimo delle armi rappresenta:,Una causa soggettiva di esclusione del reato,Una causa di giustificazione o scriminante,Una fattispecie di reato,B
141 - Sono pubblici ufficiali,"Coloro i quali esercitano una pubblica funzione legislativa, giudiziaria o amministrativa.",Tutti gli appartenenti alla P.A.,Solamente coloro che esercitano una pubblica funzione amministrativa,B
142 - Un senatore della Repubblica,è incaricato di pubblico servizio,non è né Pubblico Ufficiale né Incaricato di Pubblico Servizio,è pubblico ufficiale nell’esercizio della sua funzione.,A
143 - L’elemento soggettivo nel peculato è previsto:,indifferentemente sia nella forma dolosa che in quella colposa,solo nella forma dolosa.,solo nella forma colposa.,B
144 - L’usciere di un ospedale pubblico è:,pubblico ufficiale,esercente un servizio di pubblica necessità,non riveste alcuna delle predette qualifiche,C
145 - Un Agente della Polizia di Stato in servizio di o.p. è:,pubblico ufficiale,ufficiale di pubblica sicurezza,esercente un servizio di pubblica necessità,C
"146 - Il funzionario dell’Ufficio Urbanistico che, nottetempo, accede all’Ufficio Cassa e lo svaligia compie:",peculato d’uso,furto,peculato,A
147 - L’agente di Polizia che usa episodicamente l’auto di servizio per fini privati commette:,peculato d’uso,appropriazione indebita,danneggiamento,B
148 - Il peculato è un:,reato comune,reato contro il patrimonio,reato proprio,A
149 - L’errore nel peculato mediante profitto dell’errore altrui deve:,essere spontaneo nella vittima,essere provocato dal reo e determinare un danno di rilevante gravità,essere provocato intenzionalmente dal reo,B
150 - Il tentativo di peculato è:,Ammissibile,Inammissibile,Previsto da specifica disposizione speciale,A
151 - . La concussione è un reato,contro la P.A.,contro il patrimonio,contro l’incolumità pubblica,A
152 - . La concussione si realizza,simulando l’appartenenza alla P.A.,con artifizi o inganni,mediante abuso della qualità o dei poteri del pubblico ufficiale,B
"153 - . Il privato, nel caso di concussione:",è soggetto passivo del reato insieme alla P.A.,è concorrente nel reato,"è concorrente, ma subisce l’inflizione di una pena inferiore",A
154 - . Nella concussione il rapporto tra funzionario e soggetto passivo è retto da:,parità tra le parti,preminenza del pubblico ufficiale,sottile e velata pressione,A
155 - . La prestazione del pubblico ufficiale o dell'incaricato di pubblico servizio nella corruzione propria consiste:,nella prestazione di danaro o altra utilità,nell’esercizio dei poteri o delle funzioni,nell’adozione di un atto contrario ai doveri di ufficio ovvero nell’omissione o ritardo di un atto del proprio ufficio,C
156 - . Nell’induzione indebita il privato:,è persona offesa,non è punito,"è punito, ma con pena inferiore rispetto all’agente pubblico",B
157 - . Nella corruzione sono punibili:,solo pubblico ufficiale o incaricato di pubblico servizio,sia il privato che il pubblico ufficiale o incaricato di pubblico servizio,solo il privato,A
158 - . La concussione è:,un reato monosoggettivo a concorso eventuale,un reato a concorso necessario,un reato comune,B
159 - . Nel delitto di corruzione il tentativo:,non è ammissibile perché penalmente irrilevante,è ammissibile e si applica l’art. 56 c.p. secondo le regole generali,non è ammissibile perché opera l’art. 322 c.p. sull’istigazione alla corruzione,C
160 - . Nella corruzione impropria la prestazione del pubblico ufficiale consiste:,nell’esercizio del potere o delle funzioni,nell’omissione di un atto legittimo,in un atto illegittimo,A
161 - Nel rifiuto di atti d’ufficio l’atto rifiutato deve essere:,generale,indifferibile,prefettizio,A
162 - L'atto rifiutato ai sensi del primo comma dell'art. 328 c.p. può concernere:,Urbanistica,Igiene pubblica,Ordine e sicurezza pubblica,C
163 - L’atto omesso ai sensi dell’art. 328 co. 2 c.p. può concernere:,necessariamente igiene e sanità,necessariamente ordine e sicurezza pubblica,qualsiasi ambito,A
164 - A seguito di diffida il funzionario può evitare la consumazione del reato di omissione di atti d’ufficio:,rispondendo entro sessanta giorni,avvertendo il superiore gerarchico,rispondendo entro trenta giorni,A
165 - Il rifiuto di atti d’ufficio:,non presuppone alcuna sollecitazione del privato,presuppone un’istanza,presuppone una diffida,A
166 - Il tentativo nei delitti di cui all’art. 328 c.p.:,è ammissibile,è inammissibile,è ammissibile per il rifiuto e inammissibile per l'omissione,C
167 - L’indebita destinazione di denaro o cose mobili è:,un reato proprio,un reato contravvenzionale,un reato comune,A
168 - Che caratteristiche ha il vantaggio conseguito dal Pubblico Ufficiale o incaricato di pubblico servizio per sé o per altri nel delitto di indebita destinazione di denaro o cose mobili?,ingiusto e patrimoniale,patrimoniale,ingiusto,C
169 - Qual è la condotta dell’indebita destinazione di denaro o cose mobili?,il destinare denaro o altra cosa mobile altrui ad un uso diverso da quello normativamente previsto senza margini di discrezionalità,violenza o minaccia,appropriazione di fondi pubblici,C
170 - L’indebita destinazione di denaro o cose mobili è un reato:,contro la personalità dello Stato,sussidiario,contro la morale,C
171 - Il delitto d'oltraggio deve:,essere compiuto in presenza di almeno una persona estranea al reato,essere compiuto in presenza di più persone,essere commesso in presenza di almeno due pubblici ufficiali,B
172 - Il reato di violenza o minaccia al pubblico ufficiale è:,un reato contenuto in una legge speciale,un reato comune,un reato proprio,A
173 - Il delitto di resistenza al pubblico ufficiale è giustificato se:,se il pubblico ufficiale ha compiuto un atto invasivo della libertà personale,se il pubblico ufficiale non appartiene alle forze di polizia,costituisce reazione ad atti arbitrari eccedenti il limite delle funzioni del pubblico ufficiale,C
174 - Il delitto di oltraggio deve avvenire:,in luogo pubblico o aperto al pubblico,in luogo pubblico,ovunque,A
175 - Soggetto passivo della resistenza al pubblico ufficiale può essere:,sia il pubblico ufficiale che l'incaricato di un pubblico servizio,chiunque,solo il pubblico ufficiale,B
176 - L'offesa nell'oltraggio colpisce:,Onore del pubblico ufficiale,Onore e prestigio del pubblico ufficiale,Dignità del pubblico ufficiale,C
177 - Nella violenza o minaccia al pubblico ufficiale la condotta è volta a:,condizionare il futuro operato del pubblico ufficiale,ostacolare il compimento di un atto del pubblico ufficiale,ledere la dignità del pubblico ufficiale,C
178 - La pena per il delitto di violenza o minaccia al pubblico ufficiale è diminuita se:,la violenza o minaccia è diretta all'adozione di un atto d'ufficio,la violenza o minaccia è diretta ad ottenere un atto contrario ai doveri d'ufficio,la violenza o minaccia è diretta a far omettere un atto d'ufficio,C
179 - La resistenza al pubblico ufficiale è diretta a:,opporsi al compimento di un atto d’ufficio,costringere il pubblico ufficiale a compiere un atto d’ufficio,costringere il pubblico ufficiale ad omettere un atto d’ufficio,A
180 - L’oltraggio è estinto se:,risarcisce il danno a favore dell’ente pubblico,il reo prima del giudizio risarcisce integralmente il danno a favore del pubblico ufficiale offeso e della Pubblica Amministrazione,si scusa pubblicamente,B
181 - Qual è il bene giuridico tutelato nei delitti contro l’amministrazione della giustizia?,"L’interesse all’acquisizione della notizia criminosa da parte dell’Autorità Giudiziaria, affinché la stessa sia messa in condizione di esercitare correttamente l’azione penale",L’interesse che la procedura di notificazione venga correttamente eseguita da parte del soggetto incaricato,L’interesse a che l’imputato non menta nel corso dell’interrogatorio,A
182 - Quali possono essere i soggetti attivi dei delitti contro l’amministrazione della giustizia?,I reati contro l’amministrazione della giustizia sono stati depenalizzati,"Essendo reati propri, soltanto determinati soggetti che per le funzioni svolte sono posti in particolare relazione con l’interesse tutelato, ovvero pubblico ufficiale ed incaricato di pubblico servizio","Qualunque soggetto, trattandosi di reati comuni",A
"183 - Il dolo rappresenta il normale criterio dell’imputazione soggettiva. Componenti proprie dell’elemento psicologico del dolo sono rappresentazione e volontà, in ordine alle quali è corretto affermare che","La sufficienza dello stato di dubbio, ai fini dell’esistenza del dolo, è da escludere laddove la norma esiga la piena conoscenza di uno o più elementi del fatto di reato",Il dolo non è previsto dal nostro ordinamento giuridico,In ogni caso è sufficiente lo stato di dubbio per la configurazione del dolo,A
184 - Quale titolo del Libro II del codice penale è dedicato ai Delitti contro l’Amministrazione della Giustizia?,Titolo III,Titolo II,Titolo I,B
185 - Quando si configura il delitto di omessa denuncia di reato da parte del cittadino?,"Nel caso di delitto contro la personalità dello Stato, per il quale la legge stabilisce l’ergastolo",Sempre,Mai,B
186 - La nozione di Pubblico Ufficiale da quale articolo è fornita?,rt. 359 c.p,Art. 357 c.p.,Art. 360 c.p,B
187 - Il dolo è specifico quando,"Oltre alla previsione e volontà di tutti gli elementi che compongono il reato, è necessario che l’agente si sia prefisso anche un fine ulteriore",È sufficiente una previsione generica degli elementi costitutivi del fatto di reato,Non esiste questa particolare forma di dolo,C
188 - Il dolo è generico,Non esiste questa particolare forma di dolo,"Quando ai fini della punibilità, è sufficiente che l’agente abbia previsto e voluto tutti gli elementi che compongono il reato","Quando oltre alla previsione e volontà di tutti gli elementi che compongono il reato, è necessario che l’agente si sia prefisso anche un fine ulteriore",A
189 - I reati speciali o propri:,Sono quei reati per il quale la legge richiede una speciale qualifica del soggetto attivo. Essi a loro volta si distinguono in reati propri esclusivi e reati propri non esclusivi,Sono quei reati per i quali la legge non richiede nessuna speciale qualifica del soggetto attivo,Non esiste questa tipologia di reati,A
190 - L’art. 361 c.p. contempla un’aggravante di carattere soggettivo?,"Sì, al secondo comma, prevedendo che se il colpevole è un ufficiale o un agente di polizia giudiziaria che ha avuto notizia di un reato del quale doveva fare rapporto, la pena è della reclusione fino a due anni",L’art. 361 c.p. non contempla nessuna aggravante di carattere soggettivo,"Sì, al secondo comma, prevedendo che se il colpevole è un ufficiale o un agente di polizia giudiziaria che ha avuto notizia di un reato del quale doveva fare rapporto, la pena è della reclusione fino ad un anno",B
191 - Qual è l’oggetto materiale su cui incidono le condotte criminose descritte nel Capo III del Titolo VII del Libro II del Codice Penale?,Nessun oggetto materiale,La persona,Il documento,A
"192 - Cosa si intende, secondo l’orientamento prevalente, per fede pubblica?",La fiducia riposta nell’Autorità Giudiziaria nell’ambito di un procedimento penale,La fiducia che la collettività ripone nelle istituzioni democratiche,Si intende la fiducia che la collettività ripone in determinati oggetti o simboli sulla cui veridicità deve potersi fare affidamento per rendere più sicuro ed affidabile il traffico giuridico ed economico,B
"193 - L’art. 476 c.p., sanzionando la condotta del P.U. che commette falsità materiale in atti pubblici…",Descrive una fattispecie di reato comune,Tale fattispecie non è prevista dal c.p,Descrive una fattispecie di reato proprio,A
"194 - Il pubblico ufficiale, che, nell’esercizio delle sue funzioni, contraffa o altera certificati o autorizzazioni amministrative [...] è responsabile del delitto di…",Falsità materiale commessa dal pubblico ufficiale in certificati o autorizzazioni amministrative,Peculato,oncussione,A
"195 - Il pubblico ufficiale, che, nell’esercizio delle sue funzioni, forma un atto falso o altera un atto vero, è responsabile del reato di…",Falsità ideologica commessa dal Pubblico Ufficiale in atti pubblici,Non viene commessa nessuna fattispecie di reato,Falsità materiale commessa dal pubblico ufficiale in atti pubblici,A
"196 - Il pubblico ufficiale, che, nell’esercizio delle sue funzioni, supponendo esistente un atto pubblico o privato, ne simula una copia e la rilascia in forma legale ovvero rilascia una copia di un atto pubblico o privato diversa dall’originale è responsabile del delitto di…",Peculato,Falsità materiale commessa dal pubblico ufficiale in copie autentiche di atti pubblici o privati e in attestati del contenuto di atti,Falsità materiale commessa dal Pubblico Ufficiale in atti pubblici,A
"197 - Il pubblico ufficiale, che, ricevendo o formando un atto nell’esercizio delle sue funzioni, attesta falsamente che un fatto è stato da lui compiuto o è avvenuto alla sua presenza è responsabile del delitto di…",Concussione,Falsità materiale commessa dal Pubblico Ufficiale in atti pubblici,Falsità ideologica commessa dal pubblico ufficiale in atti pubblici,A
198 - La nozione di Pubblico Ufficiale da quale articolo è fornita?,rt. 360 c.p,Art. 359 c.p.,Art. 357 c.p,A
199 - Il delitto di falsità materiale commessa dal Pubblico Ufficiale in atti pubblici da quale articolo è previsto?,rt. 478 c.p,Art. 476 c.p.,Il codice penale non contempla tale fattispecie di reato,A
200 - Nel falso materiale il documento…,"È manomesso nella sua essenza materiale, ovvero nella sua genuinità",È pienamente autentico,"Pur provenendo dal soggetto che risulta esserne l’autore, contiene dichiarazioni menzognere",A
201 - Qual è il bene giuridico tutelato dal reato di omicidio?,La vita,L’onore,Il patrimonio,A
202 - Quando operano la colpa e la preterintenzione?,In assenza di indicazione normativa,Operano solo nei casi espressamente previsti dalla legge,Solo per i reati contro patrimonio,A
203 - Quali sono le ipotesi di preterintenzione previste dal nostro ordinamento?,Lesioni e percosse,L’aborto e l’omicidio,Furto e rapina,B
204 - Qual è la caratteristica della colpa cosciente?,Il dolo misto a colpa,La previsione dell’evento,La negligenza,B
205 - Rappresentazione e volontà sono le componenti psicologiche di quale criterio di attribuzione soggettiva del reato?,Preterintenzione,Dolo,Colpa,A
"206 - Secondo la teoria del dolo misto a colpa, la morte della vittima a quale titolo è attribuita?",titolo di colpa,A titolo di dolo,A titolo di responsabilità oggettiva,A
"207 - In base alle regole cautelari violate, la colpa si distingue in?",Colpa cosciente e incosciente,Colpa generica e specifica,Colpa propria e impropria,A
208 - Secondo la teoria del dolo misto a responsabilità oggettiva la morte della vittima a quale titolo è attribuita?,titolo di colpa,A titolo di dolo,A titolo di responsabilità oggettiva,A
209 - Perché l’omicidio si definisce reato istantaneo?,Perché è ammesso il tentativo,Perché è un reato sia a condotta attiva che omissiva,Perché l’offesa si consuma nel momento del decesso,B
210 - Nell’omicidio preterintenzionale il soggetto compie atti diretti a commettere quali reati?,Lesioni o percosse,Minaccia o violenza privata,Rapina o furto,A
211 - Il delitto di furto è un reato proprio?,Solo in presenza di aggravanti,Sì,No,B
212 - Costituiscono oggetto materiale del reato di furto,Cose mobili ed immobili altrui,Cose mobili altrui,ose mobili di elevato valore economico,A
213 - Qual è l’elemento soggettivo del reato di furto?,La preterintenzione,Il dolo,La colpa,B
214 - In che cosa consiste il dolo specifico nel delitto di furto?,"Il fine di un profitto per sé o per altri, ossia di percepirne un’utilità diretta, di carattere anche non economico.",Nel fine di procurare a sé l’impunità,Nel fine di procurare ad altri un prezzo,B
215 - In caso di furto si procede a seguito di querela di parte?,"Sì, ma se la persona offesa è incapace, per età o per infermità, ovvero se ricorre taluna delle circostanze di cui all’art.625, numeri 7, salvo che il fatto sia commesso su cose esposte alla pubblica fede, e 7 bis, si procede d’ufficio",No,Sì,B
216 - Il reato di rapina è:,Comune,Comune se avviene di giorno,Indeterminato,B
217 - Quali figure di rapina esistono?,Rilevante e irrilevante,Specifica e generica,Propria e impropria,B
"218 - Nel reato di rapina, è prevista la circostanza aggravante speciale:",della particolare gravità,del mezzo di pubblico trasporto,del soggetto passivo straniero,B
"219 - Per il caso di rapina, è consentito il fermo ai sensi dell’art. 384, c.p.p.?",Sì,No,A discrezione dell’Autorità Giudiziaria,C
"220 - Perché si configuri una rapina, la violenza o la minaccia può anche rivolgersi verso terzi che sono un ostacolo per l'agente?",Sì,No,Solo se la violenza è elevata o la minaccia è esplicita,A
221 - Il delitto di usura è un reato comune?,No,Solo senza le aggravanti,Sì,C
222 - Lo stato di bisogno della vittima di usura è:,Un’attenuante,Un’aggravante,Un elemento essenziale per il reato,A
223 - Qual è l'elemento soggettivo del reato di usura?,La colpa,La preterintenzione,Il dolo,B
"224 - L’art. 644, co. 1, c.p. punisce:",chi si fa dare o promettere interessi o altri vantaggi usurari,chi si fa promettere interessi o altri vantaggi usurari,chi si fa dare interessi o altri vantaggi usurari,B
225 - Il delitto di usura punisce anche:,Il mediatore,Il rinforzatore,Il produttore,C
"226 - Il testo dell’art. 646 c.p., reato di appropriazione indebita, parla di:",Chiunque,Pubblico ufficiale,Incaricato di pubblico servizio,B
227 - L’oggetto materiale del delitto di appropriazione indebita è:,Denaro,"Denaro, cosa mobile altrui",Cosa mobile altrui,A
228 - Presupposto del reato di appropriazione indebita è:,L’identità del proprietario della cosa,L’ignoranza della provenienza,Il possesso della cosa da parte dell’agente,A
"229 - Per il delitto di appropriazione indebita, è consentito il fermo ai sensi dell’art. 384, c.p.p.?",No,Sì,Dipende dal valore dell’oggetto materiale,C
"230 - Per il delitto di appropriazione indebita, l’arresto è:",discrezione del giudice,Obbligatorio,Facoltativo,C
231 - Il delitto di estorsione è un reato comune?,Sì,No,Solo se il soggetto attivo è ultrasessantacinquenne,C
232 - Nel delitto di estorsione la condotta dell'agente è:,Un inganno tramite artifizi e raggiri che conduce all'errore,Costringere tramite violenza,ostringere tramite violenza o minaccia,B
233 - Qual è l'elemento soggettivo del reato di estorsione?,Il dolo,La colpa,La preterintenzione,A
234 - Per il delitto di estorsione l'arresto è:,Facoltativo solo se l'autore del fatto è un cittadino dell'Unione Europea,Obbligatorio ex art. 380 c.p.p.,"Facoltativo, ex art. 381 c.p.p",C
235 - In caso di estorsione si procede:,D'ufficio,A querela di parte,A querela di parte se non vi sono aggravanti,C
236 - Il reato di truffa è:,semi offensivo,Pluri offensivo,Mono offensivo,B
237 - Il delitto di truffa è un reato proprio?,No,Sì,Può essere sia proprio che comune,A
"238 - Nel reato di truffa, è prevista la circostanza aggravante speciale:",di un ente pubblico,dello Stato,dello Stato o di un altro ente pubblico o dell’Unione Europea,B
"239 - Per il caso di truffa, è consentito il fermo ai sensi dell'art. 384, c.p.p.?",No,Sì,A discrezione dell'Autorità Giudiziaria,C
240 - Per il delitto di truffa la procedibilità è:,D'ufficio,A querela di parte,"A querela di parte, salvo ipotesi di cui al comma 3 dell’art. 640 C.P., nonché ipotesi di cui all’art. 649 bis",C
241 - A quale categoria appartengono i maltrattamenti in famiglia?,Reati contro la persona,Reati contro la famiglia,Reati contro l’ordine pubblico,C
242 - Un singolo episodio di violenza domestica può configurare il reato di maltrattamenti?,"Sì, purché causi uno stato di malattia nel soggetto passivo","No, servono condotte abituali che causino sofferenze fisiche e/o mentali",Sì,A
"243 - In quali tipologie di rapporto, tra autore e vittima, si inseriscono le condotte previste dall’articolo 572 del codice penale?",Di semplice conoscenza,Di amicizia,"Di familiarità o di sottoposizione all’autorità o all’affidamento per ragioni di educazione, cura, vigilanza o custodia",B
244 - È applicabile l’art. 572 c.p. all’interno delle cosiddette “famiglie di fatto”?,Sì,"No, tranne nel caso in cui i componenti del nucleo siano dello stesso sesso","No, mai",A
245 - Nel delitto di maltrattamenti in famiglia la condotta del soggetto attivo può essere:,Solo omissiva,Solo attiva,"Attiva e, in particolari casi, anche omissiva",C
246 - È prevista una ipotesi colposa per il reato di maltrattamenti in famiglia?,No,"Sì, ma solo se la vittima è un minore degli anni 14",Sì,B
247 - L’allontanamento urgente dalla casa familiare di cui all’art. 384 bis c.p.p.:,Può essere disposto dal giudice per le indagini preliminari su richiesta del pubblico ministero in caso di pericolo di reiterazione di gravi reati,"Può essere disposto, unitamente al divieto di avvicinamento ai luoghi abitualmente frequentati dalla persona offesa, da ufficiali e agenti di polizia giudiziaria nella flagranza di reati specifici, tra cui il reato di maltrattamenti contro familiari e conviventi",Può essere disposto unitamente al divieto di avvicinamento ai luoghi abitualmente frequentati dalla persona offesa da ufficiali di polizia giudiziaria nella flagranza di reati specifici tra cui il reato di maltrattamenti contro familiari e conviventi,C
248 - I delitti previsti dagli artt. 571 e 572 c.p. sono:,Entrambi dolosi,Il primo doloso e il secondo preterintenzionale,Il primo colposo e il secondo doloso,A
249 - Nel delitto di maltrattamenti in famiglia si procede:,Sempre a querela,Sempre d’ufficio,"A querela per le ipotesi semplici, d’ufficio per quelle aggravate",B
250 - Si procede all’arresto per il reato in argomento?,"No, a meno che la vittima sia minorenne","No, mai","Sì, è obbligatorio",A
251 - Gli Ufficiali della Guardia di Finanza:,sono tutti Ufficiali di p.g.,sono tutti Agenti di p.g.,non hanno funzioni di p.g. ma solo di Polizia Tributaria,A
252 - Un Vice Sovrintendente è:,"in alcune circostanze è Agente, in altre è Ufficiale di P.G.",un Agente di P.G.,un Ufficiale di P.G.,A
253 - La censura è una sanzione disciplinare che può essere inflitta:,solo agli Agenti di p.g.,solo agli Ufficiali di p.g.,sia agli Ufficiali che agli Agenti di p.g.,A
254 - Che cosa sono i Servizi di Polizia Giudiziaria?,Sono uffici presenti presso le Procure,Sono Uffici a cui sono assegnati solo Ufficiali di p.g. per svolgere l’attività di polizia giudiziaria,"Sono Uffici ed Unità ai quali è affidato il compito di svolgere, in via prioritaria e continuativa, le funzioni di polizia giudiziaria",A
255 - L’Agente di P.G. che non riferisce dolosamente una notizia di reato è punito:,con una sanzione penale,solo con una sanzione disciplinare,con il trasferimento ad un servizio che non preveda lo svolgimento di attività,A
256 - Il Sindaco è un Ufficiale di P.G.:,mai,sempre,"solo se nel suo comune non c’è un Ufficio di Polizia, Carabinieri o Guardia di Finanza",B
257 - Da chi dipende funzionalmente la Polizia Giudiziaria?,Dal P.M.,Dal Questore,Dal Ministro di Grazia e Giustizia,B
258 - Una sezione di P.G. può essere costituita presso:,la Questura,la Procura della Repubblica presso il Tribunale,la Procura Generale della Repubblica presso la Corte d’Appello,B
259 - Un vigile del fuoco è:,svolge funzioni di p.g. solo se riceve un apposito incarico da parte del P.M.,un Agente di p.g. a competenza generale,un Agente di p.g. a competenza limitata,A
260 - La Polizia Giudiziaria deve:,"prendere notizia dei reati, ricercarne gli autori, compiere gli atti necessari ad assicurare le fonti di prova",solo ricercare gli autori del reato,solo prendere notizia dei reati,B
261 - La P.G. svolge attività investigativa d’iniziativa:,solo su richiesta della persona offesa,obbligatoriamente,facoltativamente,A
262 - L’attività d’iniziativa della polizia giudiziaria è svolta:,solo nella fase delle indagini preliminari,solo nella fase del dibattimento,prevalentemente nella fase delle indagini preliminari,B
263 - La Polizia Giudiziaria nell’ambito dell’attività d’iniziativa compie:,atti investigativi tipici,atti investigativi tipici ed atipici,atti investigativi atipici,B
264 - L’attività investigativa d’iniziativa della P.G. è finalizzata:,alla ricerca del latitante,"ad individuare ed assicurare le fonti di prova per permettere al Pubblico Ministero, sulla base degli elementi raccolti, di decidere se esercitare o meno l’azione penale",alla ricerca dell’imputato,B
"265 - Nel caso in cui il P.M. abbia già assunto la direzione delle indagini, l’attività d’iniziativa della P.G.:",è consentita,è vietata,deve essere preventivamente autorizzata dal G.I.P. su richiesta della stessa P.G,B
"266 - Nel caso in cui il Pubblico Ministero abbia già assunto la direzione delle indagini, il compimento di atti di iniziativa:",non deve contrastare con le direttive impartite dal P.M. e deve essere caratterizzato dalla necessità e dall’urgenza,può contrastare con le direttive impartite dal P.M. ma deve essere caratterizzato dalla necessità e dall’urgenza,può contrastare con le direttive impartite dal P.M. e non è necessario che sia caratterizzato dalla necessità e dall’urgenza,A
267 - Il Pubblico Ministero può espressamente vietare alla Polizia Giudiziaria di compiere determinati atti?,dipende dalla fase processuale in cui deve essere eseguito l’atto,no,sì,B
"268 - Quando la Polizia Giudiziaria esegue indagini d’iniziativa dopo che il Pubblico Ministero ha assunto la direzione delle indagini, ha l’obbligo di informare il Pubblico Ministero?",no,dipende dalla fase processuale in cui deve essere eseguito l’atto,sì,A
269 - L’autorità Giudiziaria può delegare alla P.G. qualsiasi tipo di atto?,sì,no,dipende dalla fase processuale in cui deve essere eseguito l’atto,A
"270 - L’omissione, il ritardo, la negligenza nell’esecuzione di ordini, impartiti dall’Autorità Giudiziaria costituiscono comportamenti omissivi, censurabili:",solo penalmente,penalmente e disciplinarmente,solo disciplinarmente,A
271 - Che cosa significa documentare l’attività di polizia giudiziaria?,annotare e registrare tutte le attività di indagine svolte dalla Polizia Giudiziaria,riportare su supporto informatico gli elementi di indagine raccolti ad eccezione delle fonti di prova,trasferire su file audio le registrazioni di intercettazioni telefoniche,B
"272 - A chi è destinata, in via prioritaria, la documentazione dell’attività di polizia giudiziaria?",al Tribunale in composizione collegiale,ai difensori della parte offesa,al Pubblico Ministero titolare dell’indagine,A
273 - Che utilizzabilità processuale ha la relazione di servizio quando contiene notizie di reato o documenta attività di indagine?,fa piena fede fino a prova contraria,ha unicamente rilevanza interna e dunque non ha rilievo processuale,è inserita nel fascicolo del P.M. e ne è data lettura in dibattimento in caso di contestazioni,B
274 - La perquisizione è un atto ripetibile?,è un atto atipico,sì,no,B
275 - Quali sono le differenze tra annotazione e relazione di servizio?,"a differenza della relazione di servizio, l’annotazione costituisce piena prova essendo atto a fede privilegiata","non vi sono differenze, provenendo entrambi gli atti dalla Polizia Giudiziaria",la relazione di servizio è prevalentemente un atto interno e si rivolge al dirigente dell’ufficio; l’annotazione è atto esterno ed è rivolta all’Autorità Giudiziaria,A
276 - L’interrogatorio delegato dell’indagato in stato di libertà può essere reso mediante annotazione?,"no, deve essere reso mediante verbale",solo se videoregistrato,sì,B
277 - L’annotazione ed il verbale hanno la stessa efficacia processuale?,solo l’annotazione è atto a fede privilegiata e costituisce piena prova fino a querela di falso,"sì, hanno la stessa efficacia processuale",solo il verbale è atto a fede privilegiata e costituisce piena prova fino a querela di falso,B
278 - Il Pubblico Ministero è:,il titolare dell’azione penale,l’esecutore materiale degli atti di Polizia Giudiziaria,"il dominus dell’indagine, che tuttavia non può conoscere se non previa autorizzazione del giudice",A
279 - Gli atti di P.G. ripetibili riguardano attività che:,possono essere replicate senza alterarne il contenuto,possono essere replicate ma se ne altera il contenuto,non possono essere replicate,C
280 - L’attività di polizia giudiziaria può essere:,discrezionale o vincolata,di iniziativa o delegata,procedurale o sostanziale,A
281 - La Polizia Giudiziaria prende notizia dei reati:,Solo di propria iniziativa,Anche di propria iniziativa,Non di propria iniziativa,C
282 - La notizia di reato può essere:,Non qualificata e tipica,Qualificata o non qualificata,"Qualificata, tempestiva ed esaustiva",C
283 - La denuncia riguarda:,i referti,i reati procedibili a querela,i reati procedibili d’ufficio,B
284 - Le Forze dell'Ordine sono pubblici ufficiali?,"No, sono incaricati di pubblico servizio",Sì,"No, sono esercenti un servizio di pubblica necessità",B
285 - La denuncia è revocabile?,è revocabile quando è soggetta a condizione di procedibilità,sì,no,B
286 - Quando il referto esporrebbe la persona assistita a procedimento penale:,È sottoposto al vaglio del P.M,Non è obbligatorio,È obbligatorio,B
287 - Il termine per proporre la querela è:,Sempre di tre mesi,"Tre, sei o dodici mesi a seconda dei reati",Termine non soggetto a condizioni,A
288 - L’istanza di procedimento è:,Una condizione di procedibilità e un atto informativo,Una istanza del P.M. per l’esercizio dell’azione penale,La domanda di punizione di un delitto commesso in Italia,C
289 - Gli atti di P.G. ripetibili riguardano attività che:,Possono essere replicate ma se ne altera il contenuto,Non possono essere replicate,Possono essere replicate senza alterarne il contenuto,C
290 - Il termine per l’espletamento delle indagini preliminari decorre:,Dal primo atto di indagine cui ha diritto di assistere il difensore,Dall’iscrizione nel registro delle notizie di reato,Dall’imputazione,C
291 - I sindaci sono:,solo ufficiali di pubblica sicurezza,sempre autorità locali di pubblica sicurezza,autorità locali di pubblica sicurezza nei comuni privi di ufficio distaccato di polizia,C
292 - Il Ministro dell’Interno è:,utorità centrale di pubblica sicurezza,Autorità nazionale di pubblica sicurezza,Autorità statale di ordine pubblico,A
293 - L’Autorità di pubblica sicurezza,veglia al mantenimento dell’ordine pubblico e della sicurezza complementare,veglia al mantenimento dell’ordine pubblico e alla sicurezza dei cittadini,veglia al mantenimento dell’ordine pubblico e della sicurezza urbana,C
294 - I prefetti sono Autorità provinciali di pubblica sicurezza,a livello pianificatorio e di impiego delle forze di polizia,a livello politico-generale,a livello tecnico-operativo,A
295 - Sono autorità regionali di pubblica sicurezza:,i questori dei capoluoghi di regione,i prefetti dei capoluoghi di regione,i prefetti dei capoluoghi di provincia,A
296 - Il capo della polizia – direttore generale della pubblica sicurezza è:,preposto al dipartimento della pubblica sicurezza,autorità centrale di pubblica sicurezza,autorità nazionale di pubblica sicurezza,A
297 - La sicurezza urbana è:,bene pubblico afferente all’ordine pubblico,bene pubblico afferente alla sicurezza regionale,bene pubblico che afferisce alla vivibilità ed al decoro delle città,A
298 - Il dipartimento della pubblica sicurezza provvede:,all’attuazione materiale dei provvedimenti del Ministro dell’Interno,all’attuazione della politica in materia di ordine pubblico e sicurezza pubblica,all’attuazione della politica in materia di sicurezza urbana,A
299 - Il comitato nazionale dell’ordine pubblico e della sicurezza pubblica è:,organo ausiliario di amministrazione attiva del dipartimento di pubblica sicurezza,organo ausiliario di consulenza del Ministro dell’Interno,organo straordinario di pubblica sicurezza,A
300 - Gli ufficiali della guardia di finanza sono:,autorità di pubblica sicurezza in materia di polizia tributaria,ufficiali di pubblica sicurezza,agenti di pubblica sicurezza,A
